Sender,Subject,Category,Reply
abhishekoffice021@gmail.com,React Developer Interview,INTERVIEW,"Dear HR Team,

Thank you for reaching out. I am very interested in the React Developer position and would welcome the opportunity to discuss my qualifications further.

I am available for an interview at the following times this week:
- Wednesday: 2:00 PM – 5:00 PM
- Thursday: 10:00 AM – 1:00 PM
- Friday: After 3:00 PM

Please let me know if any of these slots work for your team, or if there is another time that you would prefer.

Best regards,

Abhishek"
abhishekoffice021@gmail.com,About Reactjs,GENERAL,"Hi,

Thank you for your message.

React.js is a popular, open-source JavaScript library developed by Meta, used primarily for building dynamic and interactive user interfaces for single-page applications. It allows developers to create reusable UI components, which helps in managing complex application states efficiently. By using a Virtual DOM, React optimizes rendering performance, making it highly effective for modern web development.

If you would like to discuss how these concepts can be applied to a specific project, feel free to let me know.

Best regards,

Abhishek
React and Node.js Developer"
abhishekoffice021@gmail.com,Request Reactjs Introduction,CLIENT,"Hello,

Thank you for reaching out.

I appreciate your interest and would be happy to discuss your requirements in more detail. Please share additional information regarding the project so that I can better understand your needs.

Looking forward to your response.

Best regards,

Abhishek
React and Node.js Developer"
abhishekoffice021@gmail.com,About Reactjs,GENERAL,"Subject: Re: Reactjs brief introduction

Dear Reader,

Thank you for reaching out. 

React.js is a popular, open-source JavaScript library developed by Meta (formerly Facebook) for building user interfaces, particularly for single-page applications. 

Key features of React include:
* **Component-Based:** It allows developers to build encapsulated components that manage their own state and compose them to make complex UIs.
* **Virtual DOM:** React creates an in-memory data structure cache, which selectively renders and updates only the components that change, making the application highly efficient.
* **Declarative:** It makes code more predictable and easier to debug by declaring how the UI should look based on the current state.

Please let me know if you would like more detailed information or resources on this topic.

Best regards,

[Your Name]  
AI Assistant"
abhishekoffice021@gmail.com,About Reactjs,GENERAL,"Subject: Re: Reactjs brief introduction

Hello,

Thank you for your message. 

React.js is an open-source JavaScript library developed by Meta (Facebook) that is used for building user interfaces, particularly for single-page applications. 

Key features of React include:
* **Component-Based:** It allows you to build encapsulated, reusable components to construct complex user interfaces.
* **Virtual DOM:** It optimizes rendering performance by updating only the parts of the web page that have changed.
* **Declarative:** It makes it easier to design interactive and dynamic user interfaces by automatically updating when data changes.

Please let me know if you need any further details.

Best regards,

[Your Name]"
